Boston, MA
Cambridge, MA
Chestnut Hill, MA
Medford, MA
Waltham, MA
Wellesley, MA
Framingham, MA
Bridgewater, MA
Quincy, MA
Newton, MA
Salem, MA
Milton, MA
Wenham, MA
Beverly, MA
North Andover, MA
Needham, MA
Lowell, MA
Danvers, MA
Brookline, MA
Weston, MA
Haverhill, MA
Easton, MA
Norton, MA
Bedford, MA
Franklin, MA
Norwood, MA
Brockton, MA
New York, NY
Long Island, NY
Monsey, NY
Airmont, NY
Hempstead, NY
Rockville Centre, NY
Orangeburg, NY
Kings Point, NY
Harrison, NY
Dobbs Ferry, NY
Glen Cove, NY
White Plains, NY
Farmingdale, NY
Syosset, NY
New Rochelle, NY
Old Westbury, NY
Bronxville, NY
Sparkill, NY
Dix Hills, NY
Valhalla, NY
Suffern, NY
Greenvale, NY
Lawrence, NY
Yonkers, NY
Amityville, NY
Ithaca, NY
Dryden, NY
Cortland, NY
Los Angeles, CA
Berkeley, CA
Davis, CA
Irvine, CA
Merced, CA
Riverside, CA
San Diego, CA
Santa Barbara, CA
Santa Cruz, CA
San Francisco, CA
Vallejo, CA
San Luis Obispo, CA
Arcata, CA
Pomona, CA
Bakersfield, CA
Camarillo, CA
Chico, CA
Carson, CA
Hayward, CA
Fresno, CA
Fullerton, CA
Long Beach, CA
Seaside-Marina, CA
Northridge, CA
Sacramento, CA
San Bernardino, CA
San Marcos, CA
Turlock, CA
San Jose, CA
Rohnert Park, CA
Moss Landing, CA
Ontario, CA
Anaheim, CA
Pasadena, CA
Azusa, CA
Poway, CA
La Mirada, CA
Oakland, CA
Clovis, CA
Valencia, CA
Thousand Oaks, CA
Montclair, CA
Sunnyvale, CA
Costa Mesa, CA
Rancho Cucamonga, CA
Orange, CA
Willowbrook, CA
Claremont, CA
St. Helena, CA
Deep Springs, CA
Ukiah, CA
San Rafael, CA
Santa Monica, CA
Fresno, CA
San Mateo, CA
Stockton, CA
Oak Glen, CA
Escondido, CA
Laguna Beach, CA
San Dimas, CA
Loma Linda, CA
Rancho Palos Verdes, CA
Santa Clarita, CA
Atherton, CA
Monterey, CA
Belmont, CA
Westchester, CA
Angwin, CA
Malibu, CA
Moraga, CA
Santee, CA
Redding, CA
Aliso Viejo, CA
Stanford, CA
Santa Paula, CA
Cypress, CA
Lancaster, CA
La Verne, CA
Redlands, CA
Rosemead, CA
Inglewood, CA
Montecito, CA
Whittier, CA
Rocklin, CA
Burbank, CA
