Harvard University,harvard.edu
Boston University,bu.edu
Massachusetts Institute of Technology,mit.edu
Boston College,bc.edu
Northeastern University,northeastern.edu
Emerson College,emerson.edu
Tufts University,tufts.edu
Berklee College of Music,berklee.edu
University of Massachusetts Boston,umb.edu
Boston Architectural College,the-bac.edu
Bentley University,bentley.edu
Suffolk University,suffolk.edu
Babson College,babson.edu
Brandeis University,brandeis.edu
Benjamin Franklin Institute of Technology,bfit.edu
Emmanuel College,emmanuel.edu
Bay State College,baystate.edu
Massachusetts College of Pharmacy and Health Sciences - Boston,mcphs.edu
Wellesley College,wellesley.edu
Bunker Hill Community College,bhcc.edu
Wentworth Institute of Technology,wit.edu
Massachusetts College of Art and Design,massart.edu
Lesley University,lesley.edu
Framingham State University,framingham.edu
Simmons University,simmons.edu
Cambridge College,cambridgecollege.edu
New England Conservatory of Music,necmusic.edu
Bridgewater State University,bridgew.edu
Eastern Nazarene College,enc.edu
Lasell University,lasell.edu
Longy School of Music of Bard College,longy.edu
Gordon College,gordon.edu
Salem State University,salemstate.edu
Boston Baptist College,boston.edu
Curry College,curry.edu
Montserrat College of Art,montserrat.edu
Merrimack College,merrimack.edu
Olin College of Engineering,olin.edu
Labour√© College of Healthcare,laboure.edu
North Shore Community College,northshore.edu
Urban College of Boston,urbancollege.edu
Fisher College,fisher.edu
Roxbury Community College,mass.edu
Endicott College,endicott.edu
Saint John's Seminary,sjs.edu
University of Massachusetts Lowell,uml.edu
Quincy College,quincycollege.edu
Pine Manor College Child Study Center,pmc.edu
Regis College,regiscollege.edu
Northern Essex Community College - Haverhill Campus,necc.edu
Stonehill College,stonehill.edu
Northpoint Bible College,northpoint.edu
Dean College,dean.edu
Wheaton College,wheatoncollege.edu
Middlesex Community College,mass.edu
MassBay Community College Wellesley Hills Campus,massbay.edu
MGH Institute of Health Professions,mghihp.edu
FINE Mortuary College,fmc.edu
Massasoit Community College,massasoit.edu
Lawrence Memorial/ Regis College Nursing Program,lmh.edu
Hellenic College and Holy Cross Greek Orthodox School Of Theology,hchc.edu